1,Olympic,adj. 奥林匹克的
2,addition,n. 增加，附加物，加，加法
3,adequate,adj. 足够的， 充足的， 适当的， 能胜任的
4,age,n. 年龄，时期，很长时间 vt. (使)变老 vi. 变老，(使）变成熟
5,agriculture,n. 农业
6,alternative,adj. 两者择一的; 供选择的; 非主流的 n. 替换物， 取舍
7,amazing,adj. 令人惊异的
8,ambiguous,adj. 模棱两可的
9,anger,n. 怒，愤怒；忿怒 vt. 使发怒，激怒；恼火 vi. 发怒；恼火
10,answer,vt.&amp; vi.答复； 解答； 答辩； 适应 n.回答； 答案； 反应； 足以媲美的人
11,apostrophe,n. 省略符号，顿呼法
12,appeal,n. 恳求， 上诉， 吸引力 n. 诉诸裁决 v. 求助， 诉请， 呼吁; 有吸引力
13,approval,n. 批准， 认可， 同意， 赞同
14,arrival,n. 到达，达到，到达者
15,artistic,adj. 艺术的
16,assistance,n. 帮助， 援助
17,author,n. 作者，创造者 vt. 创造，写作
18,authority,n. 权威；权力；当局
19,awful,adj. 可怕的， 畏惧的， 充满敬畏的， 艰难的 adv. 极其
20,band,n. 带;箍，队，乐队 vt. &amp;vi. 联合，结合
21,barren,adj. 不育的， 贫瘠的
22,basis,n. 基础，根据，主要成分
23,beautiful,adj.美丽的， 漂亮的
24,belt,n. 带(状物)，腰带 vi. 飞奔，大声唱 vt. 系上腰带，环绕，击打，大声唱
25,bridge,n. 桥，鼻梁，桥牌 vt. 渡过，架桥
26,cage,n. 笼子 v. 关入笼中 vt. 把...关入笼内
27,candle,n. 蜡烛
28,carving,n. 雕刻品， 雕刻， 雕刻术 动词carve的现在分词
29,chat,n. 聊天，闲谈 vt. &amp;vi. 谈天，闲谈
30,cheerful,adj. 高兴的， 快乐的
31,complaint,n. 抱怨
32,consumption,n. 消费
33,container,n. 容器， 集装箱
34,contract,n. 合约， 婚约; 合同书 v.签合同； 缩小； 感染
35,correspondence,n. 通信；一致；相当
36,cotton,n. 棉花，棉 vi. 向…讨好，明白，领悟
37,craft,n. 工艺， 手艺， 狡诈，航空器， 行会成员 vt. 手工制作
38,crisis,n. 危急关头，危机
39,critical,adj.批评的，爱挑剔的； 危险的，危急的； 决定性的； [物]临界的
40,cupboard,n. 碗橱
41,curly,adj. 卷曲的
42,danger,n. 危险
43,delay,n. 耽搁，迟滞 vt. 耽搁，延迟 vi. 耽搁
44,depression,n. 沮丧，萧条
45,depth,n. 深度，强度，诚挚
46,deteriorate,vt. (使)恶化 vi. (使)恶化， 瓦解， 衰退
47,development,n. 发展，显影， 开发区， 开发
48,dial,n. 刻度盘，针面，转盘 vt. 用仪表测量，操作仪表 vi. 拨号，用仪表测量 [计算机] 拨号
49,discovery,n. 发现， 发现物
50,elbow,n. 手肘， 急弯， 扶手 v. 用手肘推开， 推挤
51,emotion,n. 情感，情绪，感动
52,enhance,vt. 提高，加强，增加
53,enthusiasm,n. 热心，热忱，热情
54,essential,adj.基本的； 必要的； 本质的； 精华的 n.必需品； 基本要素； 必不可少的东西
55,event,n. 大事， 事件， 项目， 活动
56,exception,n. 除外，例外
57,excuse,n. 借口，理由；低劣的样品，假条 vt. 原谅，辩解，准许离开，同意赦免
58,expansion,n. 扩大，膨胀，扩充
59,expectancy,n. 期待(公算)
60,exposure,n. 面临（困难），显露，暴露，揭露，曝光
61,fabric,n. 织物， 布， 结构
62,flash,n. 闪光，闪现，闪烁物，花哨，一瞬间，电脑动画技术 vi. 闪现，闪烁 vt. 传送，用光联络，流露出 adj. 花哨的，炫耀的，昙花一现的
63,former,adj. 以前的，在前的 pron.&amp;amp;n. 前者
64,free,adj. 自由的，大方的，免费的 vt. 释放，解放 adv. 自由地，免费地
65,frequency,n.&amp;amp;adj. 频繁，频率
66,fundamental,adj. 基本的，根本的，重要的 n. 基本原理，基础
67,genetic,adj. 基因的， 遗传的， 起源的
68,handball,n. 手球， 墙手球运动
69,harbour,n. 海港 vt 停泊
70,hazardous,adj. 危险的，冒险的，碰运气的
71,hero,n. 男主角， 男主人公， 英雄
72,heroine,adj. 英雄式的， 英勇的 n. 女英雄， 女主角
73,heyday,n. 全盛期 int. 嘿（喜悦、惊奇时所发声音）
74,housekeep,vi. 自立门户，主持家务
75,housing,n. 房屋(外壳， 外套， 外罩， 住宅， 卡箍， 遮盖物)
76,hunting,n. 打猎， 搜寻 [电子学]速度偏差
77,immune,adj. 免除的，免疫的 n. 免疫者
78,improve,vt. 改进，利用，(提高)价值 vi. 改进
79,inability,n. 无能，无力
80,independence,n. 独立， 自主， 自立
81,inland,adj. 内陆的， 国内的 adv. 内陆地 n. 内陆
82,innovation,n. 创新， 革新
83,intervention,n. 插入，介入，调停
84,irritable,adj. 易怒的，急躁的 adj. 【医】过敏的，易感受刺激的，
85,jewelry,n. 珠宝， 珠宝类
86,journalist,n. 记者， 新闻工作者
87,kiosk,n. 亭， 凉亭， 报摊
88,knife,n. 刀 v. 用刀切割， 如刀割般
89,knowledge,n. 知识，了解
90,latest,形容词late的最高级形式 adj. 最近的，最新的 n. 最迟的时间，最新的潮流
91,lava,n. 熔岩， 火山岩
92,layer,n.层，层次； 膜； [植]压条； 放置者，计划者 vt.把…分层堆放； 借助压条法； 生根繁殖； 将（头发）剪成不同层次 vi.形成或分成层次； [植]通过压条法而生根
93,layout,n. 布局， 安排， 设计
94,lessen,v. 减少， 变小， 减轻
95,letter,n.信； 证书，许可证； 字母，文字； 字面意义 vt.用字母标明； 写字母于； 加标题 vi.写印刷体字母
96,likelihood,n. 可能性
97,loss,n. 丧失， 损耗， 亏损
98,magic,adj. 有魔力的， 神奇的 n. 魔法， 魔术 vt. 使用魔(变出等)
99,maintain,vt. 维持; 维修， 保养; 坚持; 断言
100,margin,n. 差额，利润，页边空白，边缘 vt. 使围绕于，加边缘
101,mathematics,n. 数学
102,metal,n. 金属，质料 adj. 金属制的 v. 以金属覆盖
103,mill,n. 磨粉机， 磨坊， 制造厂， 密尔:一种货币单位， 使陷于困境 vt. 磨细 vi. 乱转， 磨细
104,miserable,adj. 悲惨的，痛苦的，贫乏的
105,mixture,n. 混合， 混合物
106,naught,pron. 无 n. 无，零 adj. 无用的
107,noise,n. 声音，响声，喧哗声，噪声 vt. 谣传 vi. 大声说话， 发出噪音
108,objective,adj. 客观的， 目标的 n. 目标， 目的; 物镜 n. =objective case 宾语
109,oil,n. 油，油画颜料，奉承话 vt. &amp;vi. 涂油，溶化，加油
110,opportunity,n. 机会， 时机
111,ordinary,adj. 普通的
112,page,n. 页 v. (给...)当听差 vt. (通过扩音器、传呼机等)呼叫
113,parcel,n. 包裹，小包 vt. 打包；捆扎
114,perfect,adj. 完美的；最好的；精通的 vt. 使完美；使熟练 n. 完成式
115,performer,n. 表演者， 执行者
116,permit,n. 许可证，执照 vt. &amp;vi. 允许，许可
117,petrol,n. 汽油
118,pianist,n. 钢琴家
119,polish,n. 磨光，擦亮；擦亮剂；优雅，精良 vi. 擦亮，变光滑 vt. 磨光，使发亮；使完美; 改进 v. 磨光；修改；润色 adj. 波兰的
120,politics,n. 政治，政策，政治活动，政见
121,poll,n. 投票，民意测验，民意，票数 vt. 做民意测验，获得...票，剪树枝  vi. 投票
122,pop,n. 取出，砰然声，流行乐曲，流行文化艺术，（尤用作称呼）爸 adj. 流行的，热门的，通俗的 vt. 取出，发出爆裂声，突然伸出，击打，开火 vi. 发出砰的一声，（因激动、惊奇）张大 adv. 突然间地， 暴发地 POP abbr.=point of purchase POP abbr.=population 人口
123,port,n.港口； （事情的）意义； （计算机与其他设备的）接口； （船、飞机等的）左舷 vt.举枪； 持枪； 左转舵 vi.转向左舷 adj.左舷的，左侧的 vt.&amp; vi.转舵（向左），把（舵）转向左边 adv.向左舷，向左
124,possibility,n. 可能性，可能的事情，潜在的价值
125,potential,adj.潜在的，有可能的； [语法学]可能语气的，表示可能性的； 有能力的 n.潜力，潜能； [物]电位，势能； 潜能的事物； [语]可能语气
126,predictable,adj. 可预言的
127,preference,n. 偏爱，优先，喜爱物
128,preposition,n. 介词
129,previous,adj. 在...之前， 先， 前， 以前的
130,privacy,n. 隐私， 隐居， 秘密
131,prone,adj. 俯卧的， 易于...的， 有...倾向的
132,pure,adj. 纯的， 纯洁的， 纯理论的， 抽象的， 完全的
133,reflectance,n. 反射比，反射系数
134,reform,n. 改革，改正，感化 vt. 改革，改正，使悔改 vi. 改良，悔改
135,rehearsal,n. 排练，彩排 v. (使)排练，背诵
136,reinforce,vt. 加强，加固；强化；补充 vi. 求援；得到增援；给予更多的支持 n. 加强；加固物；加固材料
137,relevant,adj. 相关的， 切题的， 中肯的
138,reliable,adj. 可靠的，可信的
139,repair,vi. 去，集合 n. 修理， 补救 v. 修理， 补救， 补偿 n. 维修工作，维修状态
140,repeat,n. 重复，反复 vt. 重复，复述 vi. 重复 adj. 重复的，反复的
141,replacement,n. 交换，更换，代替者
142,reserve,n. 预备品， 贮存， 候补 n. 克制， 含蓄 vt. 保留， 预订， 延期
143,resistance,n. 抵抗力，反抗，反抗行动;阻力，电阻;反对 adj.  抵抗的
144,response,n. 反应， 响应; 回答
145,reverse,n. 相反; 背面; 失败， 挫折 adj. 反面的， 相反的， 颠倒的 v. 颠倒， 逆转， 倒退
146,sack,n. 袋子， 劫掠 vt. 解雇， 劫掠， 把...装入袋子
147,sailing,n. 航行， 航海术， 启航
148,satellite,n. 卫星，卫星城，随从
149,satisfaction,n. 赔偿，满意，妥善处理，乐事，确信
150,scandal,n. 丑闻，中伤，反感，耻辱
151,screen,n.屏幕； 银幕； 屏风 vt.筛（煤、矿石等）； 拍摄； 放映（电影）； 庇护
152,seasoned,adj. 经验丰富的
153,second-hand,adj. 旧的，用过的
154,section,n. 零件，部分，章节，区域，部门，路段，断面 vt. 划分，切开 vi. 划分
155,self-defence,n. 自卫
156,self-discipline,n. 自律，自我约束
157,self-sufficient,adj. 自给自足的
158,sensible,adj. 可察觉的，意识到的，实用的 n. 可感知物
159,serious,adj.严肃的， 庄重的， 严重的， 危急的， 认真的
160,shelf,n. 架子，搁板(状物)，岩棚
161,shell,n. 贝壳，壳，外形 vt. &amp;vi. 去壳，脱落，炮击，拾贝壳 n.[计算机] DOS命令 : 安装备用的COMMAND.COM文件， 并改变环境尺寸
162,skin,n.皮，皮肤； （蔬菜，水果等）外皮； 毛皮 vt.剥皮，削皮； 擦破皮，擦伤； 欺骗 vi.使愈合，长皮 adj.&lt;俚&gt;色情的
163,soundproof,adj. 隔音的
164,sponsor,n. 保证人， 赞助者 v. 发起， 赞助
165,stage,n. 阶段，舞台，驿站 v. 上演，表演，乘驿车旅行
166,stair,n. 楼梯
167,star,n. 星， 明星 v. 以星状物装饰， 变成演员
168,status,n. 地位， 身份， 情形， 状况
169,steady,adj. 稳定的，稳固的，沉稳的 adv. 平稳地，稳固地 n. 固定的事物 vi. &amp;vt. (使)稳固，(使)稳定
170,steel,n. 钢，钢制品，坚强 adj. 钢的，如钢铁般的，非常坚强的 vt. 包钢， 使坚硬， 使下定决心
171,sting,n. 刺痛；讽刺，刺激；刺毛 vt. 刺；驱使；使…苦恼；使…疼痛 vi. 刺痛；被刺痛；感到剧痛
172,strike,n. 罢工， 打击， 殴打 v. 打， 撞， 罢工， 划燃
173,stuff,n. 材料， 原料， 东西 n. 素质， 本质; 废物 vt. 填满， 塞满
174,subjective,adj. 主观的 n. 主格，主观事物
175,sufficient,adj. 足够的， 充分的
176,suitable,adj. 合适的， 适宜的
177,surface,n. 表面，平面， 外表 adj. 表面的，肤浅的 vt. 在某物上加表层， 使...成平面 vi. 浮到水面， 披露出来， 在表面工作
178,surrounding,adj. 周围的 n. 环境， 周围的事物
179,systematic,adj. 有系统的， 分类的， 体系的
180,theft,n. 偷窃
181,tile,n. 砖瓦 vt. 铺以瓦，铺以瓷砖
182,toy,n. 玩具，小玩意儿 adj. 供玩耍的，体型小的 vi. 漫不经心地做，戏弄
183,trade,n. 贸易，商业，交易，行业，同行，手工艺，主顾，(复数)信风 vi. 做生意，购物，交换 vt. 用某物交换，做买卖 adj. 商业的，专业性的，同行的
184,traditional,adj. 传统的
185,tribute,n. 贡品，颂词，称赞，(表示敬意的)礼物
186,tune,n. 旋律，音准，数量 vt. 调音(频)，调节，使和谐 vi. 和谐，调频
187,unanimous,adj. 全体一致的， 一致同意的
188,uncomfortable,adj. 不舒服的， 不自在的
189,unique,adj. 独一无二的， 独特的， 稀罕的
190,usual,adj. 通常的
191,value,n. 价值， 重要性， 价格， (pl)价值观 vt. 评价， 估价， 重视
192,vary,vt. 改变，使多样化 vi. 变化，违背
193,visitor,n. 参观者， 访问者，访客
194,warehouse,n. 仓库 vt. 存入仓库
195,watchdog,n. 看门狗；监察人；忠实的看守人
196,wax,n. 蜡，蜡状物，震怒 vi. 变大，增大，月亮满 vt. 用蜡涂
197,weapon,n. 武器， 兵器
198,wedding,n. 婚礼
199,wing,n. 翅膀，翼 vt. 给...装上翼，飞行 vi. 飞行
